NUTS1;NUTS2;NUTS3;DISTRICT_CODE;DISTRICT_NAME;LAU_CODE;LAU_NAME;POP_MEN;POP_WOMEN;POP_TOTAL;REF_DATE
AT2;AT22;AT221;601;Graz-Stadt;60101;Graz;126602;135621;262223;01.01.2012
AT2;AT22;AT225;603;Deutschlandsberg;60301;Aibl;721;706;1427;01.01.2012
AT2;AT22;AT225;603;Deutschlandsberg;60302;Deutschlandsberg;3859;4256;8115;01.01.2012
AT2;AT22;AT225;603;Deutschlandsberg;60303;Eibiswald;655;730;1385;01.01.2012
AT2;AT22;AT225;603;Deutschlandsberg;60305;Frauental an der Laßnitz;1414;1529;2943;01.01.2012
AT2;AT22;AT225;603;Deutschlandsberg;60306;Freiland bei Deutschlandsberg;82;72;154;01.01.2012
AT2;AT22;AT225;603;Deutschlandsberg;60307;Bad Gams;1114;1173;2287;01.01.2012
AT2;AT22;AT225;603;Deutschlandsberg;60308;Garanas;139;125;264;01.01.2012
AT2;AT22;AT225;603;Deutschlandsberg;60309;Georgsberg;728;760;1488;01.01.2012
AT2;AT22;AT225;603;Deutschlandsberg;60310;Greisdorf;510;505;1015;01.01.2012
AT2;AT22;AT225;603;Deutschlandsberg;60311;Gressenberg;160;147;307;01.01.2012
AT2;AT22;AT225;603;Deutschlandsberg;60312;Groß Sankt Florian;1449;1470;2919;01.01.2012
AT2;AT22;AT225;603;Deutschlandsberg;60313;Großradl;729;700;1429;01.01.2012
AT2;AT22;AT225;603;Deutschlandsberg;60314;Gundersdorf;191;225;416;01.01.2012
AT2;AT22;AT225;603;Deutschlandsberg;60315;Hollenegg;1080;1046;2126;01.01.2012
AT2;AT22;AT225;603;Deutschlandsberg;60316;Kloster;102;90;192;01.01.2012
AT2;AT22;AT225;603;Deutschlandsberg;60318;Lannach;1625;1689;3314;01.01.2012
AT2;AT22;AT225;603;Deutschlandsberg;60319;Limberg bei Wies;467;453;920;01.01.2012
AT2;AT22;AT225;603;Deutschlandsberg;60320;Marhof;526;523;1049;01.01.2012
AT2;AT22;AT225;603;Deutschlandsberg;60321;Osterwitz;80;68;148;01.01.2012
AT2;AT22;AT225;603;Deutschlandsberg;60322;Pitschgau;801;775;1576;01.01.2012
AT2;AT22;AT225;603;Deutschlandsberg;60323;Pölfing-Brunn;809;859;1668;01.01.2012
AT2;AT22;AT225;603;Deutschlandsberg;60324;Preding;841;852;1693;01.01.2012
AT2;AT22;AT225;603;Deutschlandsberg;60325;Rassach;731;706;1437;01.01.2012
AT2;AT22;AT225;603;Deutschlandsberg;60326;Sankt Josef (Weststeiermark);699;699;1398;01.01.2012
AT2;AT22;AT225;603;Deutschlandsberg;60327;Sankt Martin im Sulmtal;895;921;1816;01.01.2012
AT2;AT22;AT225;603;Deutschlandsberg;60328;Sankt Oswald ob Eibiswald;271;288;559;01.01.2012
AT2;AT22;AT225;603;Deutschlandsberg;60329;Sankt Peter im Sulmtal;679;678;1357;01.01.2012
AT2;AT22;AT225;603;Deutschlandsberg;60330;Sankt Stefan ob Stainz;1092;1094;2186;01.01.2012
AT2;AT22;AT225;603;Deutschlandsberg;60331;Schwanberg;1035;1051;2086;01.01.2012
AT2;AT22;AT225;603;Deutschlandsberg;60332;Soboth;180;160;340;01.01.2012
AT2;AT22;AT225;603;Deutschlandsberg;60333;Stainz;1161;1366;2527;01.01.2012
AT2;AT22;AT225;603;Deutschlandsberg;60334;Stainztal;728;731;1459;01.01.2012
AT2;AT22;AT225;603;Deutschlandsberg;60335;Stallhof;257;266;523;01.01.2012
AT2;AT22;AT225;603;Deutschlandsberg;60336;Sulmeck-Greith;666;666;1332;01.01.2012
AT2;AT22;AT225;603;Deutschlandsberg;60338;Trahütten;182;211;393;01.01.2012
AT2;AT22;AT225;603;Deutschlandsberg;60339;Unterbergla;706;664;1370;01.01.2012
AT2;AT22;AT225;603;Deutschlandsberg;60340;Wernersdorf;315;317;632;01.01.2012
AT2;AT22;AT225;603;Deutschlandsberg;60341;Wettmannstätten;756;781;1537;01.01.2012
AT2;AT22;AT225;603;Deutschlandsberg;60342;Wielfresen;319;253;572;01.01.2012
AT2;AT22;AT225;603;Deutschlandsberg;60343;Wies;1116;1184;2300;01.01.2012
AT2;AT22;AT221;606;Graz-Umgebung;60601;Attendorf;878;918;1796;01.01.2012
AT2;AT22;AT221;606;Graz-Umgebung;60602;Brodingberg;636;608;1244;01.01.2012
AT2;AT22;AT221;606;Graz-Umgebung;60603;Deutschfeistritz;1920;1985;3905;01.01.2012
AT2;AT22;AT221;606;Graz-Umgebung;60604;Dobl;864;887;1751;01.01.2012
AT2;AT22;AT221;606;Graz-Umgebung;60605;Edelsgrub;335;364;699;01.01.2012
AT2;AT22;AT221;606;Graz-Umgebung;60606;Eggersdorf bei Graz;1053;1047;2100;01.01.2012
AT2;AT22;AT221;606;Graz-Umgebung;60607;Eisbach;1490;1496;2986;01.01.2012
AT2;AT22;AT221;606;Graz-Umgebung;60608;Feldkirchen bei Graz;2716;2784;5500;01.01.2012
AT2;AT22;AT221;606;Graz-Umgebung;60609;Fernitz;1543;1661;3204;01.01.2012
AT2;AT22;AT221;606;Graz-Umgebung;60610;Frohnleiten;2919;3082;6001;01.01.2012
AT2;AT22;AT221;606;Graz-Umgebung;60611;Gössendorf;1830;1892;3722;01.01.2012
AT2;AT22;AT221;606;Graz-Umgebung;60612;Grambach;826;832;1658;01.01.2012
AT2;AT22;AT221;606;Graz-Umgebung;60613;Gratkorn;3614;3927;7541;01.01.2012
AT2;AT22;AT221;606;Graz-Umgebung;60614;Gratwein;1814;1868;3682;01.01.2012
AT2;AT22;AT221;606;Graz-Umgebung;60615;Großstübing;176;161;337;01.01.2012
AT2;AT22;AT221;606;Graz-Umgebung;60616;Gschnaidt;173;171;344;01.01.2012
AT2;AT22;AT221;606;Graz-Umgebung;60617;Hart bei Graz;2217;2246;4463;01.01.2012
AT2;AT22;AT221;606;Graz-Umgebung;60618;Haselsdorf-Tobelbad;661;686;1347;01.01.2012
AT2;AT22;AT221;606;Graz-Umgebung;60619;Hausmannstätten;1399;1449;2848;01.01.2012
AT2;AT22;AT221;606;Graz-Umgebung;60620;Hitzendorf;1760;1875;3635;01.01.2012
AT2;AT22;AT221;606;Graz-Umgebung;60621;Höf-Präbach;712;723;1435;01.01.2012
AT2;AT22;AT221;606;Graz-Umgebung;60622;Judendorf-Straßengel;2737;2973;5710;01.01.2012
AT2;AT22;AT221;606;Graz-Umgebung;60623;Kainbach bei Graz;1347;1284;2631;01.01.2012
AT2;AT22;AT221;606;Graz-Umgebung;60624;Kalsdorf bei Graz;2886;2982;5868;01.01.2012
AT2;AT22;AT221;606;Graz-Umgebung;60625;Krumegg;709;734;1443;01.01.2012
AT2;AT22;AT221;606;Graz-Umgebung;60626;Kumberg;1787;1823;3610;01.01.2012
AT2;AT22;AT221;606;Graz-Umgebung;60627;Langegg bei Graz;418;416;834;01.01.2012
AT2;AT22;AT221;606;Graz-Umgebung;60628;Laßnitzhöhe;1293;1402;2695;01.01.2012
AT2;AT22;AT221;606;Graz-Umgebung;60629;Lieboch;2221;2465;4686;01.01.2012
AT2;AT22;AT221;606;Graz-Umgebung;60630;Mellach;589;607;1196;01.01.2012
AT2;AT22;AT221;606;Graz-Umgebung;60631;Nestelbach bei Graz;512;559;1071;01.01.2012
AT2;AT22;AT221;606;Graz-Umgebung;60632;Peggau;1054;1074;2128;01.01.2012
AT2;AT22;AT221;606;Graz-Umgebung;60633;Pirka;1585;1616;3201;01.01.2012
AT2;AT22;AT221;606;Graz-Umgebung;60634;Hart-Purgstall;832;786;1618;01.01.2012
AT2;AT22;AT221;606;Graz-Umgebung;60635;Raaba;1065;1114;2179;01.01.2012
AT2;AT22;AT221;606;Graz-Umgebung;60636;Röthelstein;101;118;219;01.01.2012
AT2;AT22;AT221;606;Graz-Umgebung;60637;Rohrbach-Steinberg;702;726;1428;01.01.2012
AT2;AT22;AT221;606;Graz-Umgebung;60639;Sankt Bartholomä;677;704;1381;01.01.2012
AT2;AT22;AT221;606;Graz-Umgebung;60640;Sankt Marein bei Graz;621;635;1256;01.01.2012
AT2;AT22;AT221;606;Graz-Umgebung;60641;Sankt Oswald bei Plankenwarth;591;588;1179;01.01.2012
AT2;AT22;AT221;606;Graz-Umgebung;60642;Sankt Radegund bei Graz;1005;1013;2018;01.01.2012
AT2;AT22;AT221;606;Graz-Umgebung;60643;Schrems bei Frohnleiten;298;305;603;01.01.2012
AT2;AT22;AT221;606;Graz-Umgebung;60644;Seiersberg;3557;3787;7344;01.01.2012
AT2;AT22;AT221;606;Graz-Umgebung;60645;Semriach;1592;1661;3253;01.01.2012
AT2;AT22;AT221;606;Graz-Umgebung;60646;Stattegg;1355;1374;2729;01.01.2012
AT2;AT22;AT221;606;Graz-Umgebung;60647;Stiwoll;351;363;714;01.01.2012
AT2;AT22;AT221;606;Graz-Umgebung;60648;Thal;1098;1135;2233;01.01.2012
AT2;AT22;AT221;606;Graz-Umgebung;60649;Tulwitz;257;257;514;01.01.2012
AT2;AT22;AT221;606;Graz-Umgebung;60650;Tyrnau;81;72;153;01.01.2012
AT2;AT22;AT221;606;Graz-Umgebung;60651;Übelbach;974;976;1950;01.01.2012
AT2;AT22;AT221;606;Graz-Umgebung;60652;Unterpremstätten;1764;1846;3610;01.01.2012
AT2;AT22;AT221;606;Graz-Umgebung;60653;Vasoldsberg;2108;2114;4222;01.01.2012
AT2;AT22;AT221;606;Graz-Umgebung;60654;Weinitzen;1286;1297;2583;01.01.2012
AT2;AT22;AT221;606;Graz-Umgebung;60655;Werndorf;1081;1117;2198;01.01.2012
AT2;AT22;AT221;606;Graz-Umgebung;60656;Wundschuh;754;763;1517;01.01.2012
AT2;AT22;AT221;606;Graz-Umgebung;60657;Zettling;767;778;1545;01.01.2012
AT2;AT22;AT221;606;Graz-Umgebung;60658;Zwaring-Pöls;779;754;1533;01.01.2012
AT2;AT22;AT225;610;Leibnitz;61001;Allerheiligen bei Wildon;705;732;1437;01.01.2012
AT2;AT22;AT225;610;Leibnitz;61002;Arnfels;512;559;1071;01.01.2012
AT2;AT22;AT225;610;Leibnitz;61003;Berghausen;322;321;643;01.01.2012
AT2;AT22;AT225;610;Leibnitz;61004;Breitenfeld am Tannenriegel;107;92;199;01.01.2012
AT2;AT22;AT225;610;Leibnitz;61005;Ehrenhausen;482;564;1046;01.01.2012
AT2;AT22;AT225;610;Leibnitz;61006;Eichberg-Trautenburg;392;394;786;01.01.2012
AT2;AT22;AT225;610;Leibnitz;61007;Empersdorf;667;654;1321;01.01.2012
AT2;AT22;AT225;610;Leibnitz;61008;Gabersdorf;550;562;1112;01.01.2012
AT2;AT22;AT225;610;Leibnitz;61009;Gamlitz;1561;1563;3124;01.01.2012
AT2;AT22;AT225;610;Leibnitz;61010;Glanz an der Weinstraße;687;710;1397;01.01.2012
AT2;AT22;AT225;610;Leibnitz;61011;Gleinstätten;724;740;1464;01.01.2012
AT2;AT22;AT225;610;Leibnitz;61012;Gralla;1024;1042;2066;01.01.2012
AT2;AT22;AT225;610;Leibnitz;61013;Großklein;1129;1142;2271;01.01.2012
AT2;AT22;AT225;610;Leibnitz;61014;Hainsdorf im Schwarzautal;143;140;283;01.01.2012
AT2;AT22;AT225;610;Leibnitz;61015;Heiligenkreuz am Waasen;908;959;1867;01.01.2012
AT2;AT22;AT225;610;Leibnitz;61016;Heimschuh;979;975;1954;01.01.2012
AT2;AT22;AT225;610;Leibnitz;61017;Hengsberg;720;671;1391;01.01.2012
AT2;AT22;AT225;610;Leibnitz;61018;Kaindorf an der Sulm;1217;1323;2540;01.01.2012
AT2;AT22;AT225;610;Leibnitz;61019;Kitzeck im Sausal;592;616;1208;01.01.2012
AT2;AT22;AT225;610;Leibnitz;61020;Lang;595;619;1214;01.01.2012
AT2;AT22;AT225;610;Leibnitz;61021;Lebring-Sankt Margarethen;991;1008;1999;01.01.2012
AT2;AT22;AT225;610;Leibnitz;61022;Leibnitz;3671;4181;7852;01.01.2012
AT2;AT22;AT225;610;Leibnitz;61023;Leutschach;252;300;552;01.01.2012
AT2;AT22;AT225;610;Leibnitz;61024;Oberhaag;1132;1125;2257;01.01.2012
AT2;AT22;AT225;610;Leibnitz;61025;Obervogau;435;441;876;01.01.2012
AT2;AT22;AT225;610;Leibnitz;61026;Pistorf;701;704;1405;01.01.2012
AT2;AT22;AT225;610;Leibnitz;61027;Ragnitz;737;713;1450;01.01.2012
AT2;AT22;AT225;610;Leibnitz;61028;Ratsch an der Weinstraße;220;228;448;01.01.2012
AT2;AT22;AT225;610;Leibnitz;61029;Retznei;206;213;419;01.01.2012
AT2;AT22;AT225;610;Leibnitz;61030;Sankt Andrä-Höch;894;846;1740;01.01.2012
AT2;AT22;AT225;610;Leibnitz;61031;Sankt Georgen an der Stiefing;538;570;1108;01.01.2012
AT2;AT22;AT225;610;Leibnitz;61032;Sankt Johann im Saggautal;1018;1031;2049;01.01.2012
AT2;AT22;AT225;610;Leibnitz;61033;Sankt Nikolai im Sausal;1103;1107;2210;01.01.2012
AT2;AT22;AT225;610;Leibnitz;61034;Sankt Nikolai ob Draßling;563;492;1055;01.01.2012
AT2;AT22;AT225;610;Leibnitz;61035;Sankt Ulrich am Waasen;390;383;773;01.01.2012
AT2;AT22;AT225;610;Leibnitz;61036;Sankt Veit am Vogau;930;975;1905;01.01.2012
AT2;AT22;AT225;610;Leibnitz;61037;Schloßberg;555;516;1071;01.01.2012
AT2;AT22;AT225;610;Leibnitz;61038;Seggauberg;491;484;975;01.01.2012
AT2;AT22;AT225;610;Leibnitz;61039;Spielfeld;500;464;964;01.01.2012
AT2;AT22;AT225;610;Leibnitz;61040;Stocking;727;728;1455;01.01.2012
AT2;AT22;AT225;610;Leibnitz;61041;Straß in Steiermark;872;880;1752;01.01.2012
AT2;AT22;AT225;610;Leibnitz;61042;Sulztal an der Weinstraße;66;68;134;01.01.2012
AT2;AT22;AT225;610;Leibnitz;61043;Tillmitsch;1576;1583;3159;01.01.2012
AT2;AT22;AT225;610;Leibnitz;61044;Vogau;570;544;1114;01.01.2012
AT2;AT22;AT225;610;Leibnitz;61045;Wagna;2517;2843;5360;01.01.2012
AT2;AT22;AT225;610;Leibnitz;61046;Weitendorf;743;781;1524;01.01.2012
AT2;AT22;AT225;610;Leibnitz;61047;Wildon;1167;1398;2565;01.01.2012
AT2;AT22;AT225;610;Leibnitz;61048;Wolfsberg im Schwarzautal;383;415;798;01.01.2012
AT2;AT22;AT223;611;Leoben;61101;Eisenerz;2252;2550;4802;01.01.2012
AT2;AT22;AT223;611;Leoben;61104;Hieflau;376;393;769;01.01.2012
AT2;AT22;AT223;611;Leoben;61105;Kalwang;530;552;1082;01.01.2012
AT2;AT22;AT223;611;Leoben;61106;Kammern im Liesingtal;806;848;1654;01.01.2012
AT2;AT22;AT223;611;Leoben;61107;Kraubath an der Mur;633;655;1288;01.01.2012
AT2;AT22;AT223;611;Leoben;61108;Leoben;12011;12556;24567;01.01.2012
AT2;AT22;AT223;611;Leoben;61109;Mautern in Steiermark;880;936;1816;01.01.2012
AT2;AT22;AT223;611;Leoben;61110;Niklasdorf;1212;1334;2546;01.01.2012
AT2;AT22;AT223;611;Leoben;61111;Proleb;772;806;1578;01.01.2012
AT2;AT22;AT223;611;Leoben;61112;Radmer;329;326;655;01.01.2012
AT2;AT22;AT223;611;Leoben;61113;Sankt Michael in Obersteiermark;1483;1587;3070;01.01.2012
AT2;AT22;AT223;611;Leoben;61114;Sankt Peter-Freienstein;1175;1232;2407;01.01.2012
AT2;AT22;AT223;611;Leoben;61115;Sankt Stefan ob Leoben;987;985;1972;01.01.2012
AT2;AT22;AT223;611;Leoben;61116;Traboch;691;696;1387;01.01.2012
AT2;AT22;AT223;611;Leoben;61118;Vordernberg;506;548;1054;01.01.2012
AT2;AT22;AT223;611;Leoben;61119;Wald am Schoberpaß;321;311;632;01.01.2012
AT2;AT22;AT223;611;Leoben;61120;Trofaiach;5475;5832;11307;01.01.2012
AT2;AT22;AT222;612;Liezen;61201;Admont;1190;1335;2525;01.01.2012
AT2;AT22;AT222;612;Liezen;61202;Aich;449;477;926;01.01.2012
AT2;AT22;AT222;612;Liezen;61203;Aigen im Ennstal;1264;1306;2570;01.01.2012
AT2;AT22;AT222;612;Liezen;61204;Altaussee;886;891;1777;01.01.2012
AT2;AT22;AT222;612;Liezen;61205;Altenmarkt bei Sankt Gallen;407;457;864;01.01.2012
AT2;AT22;AT222;612;Liezen;61206;Ardning;585;600;1185;01.01.2012
AT2;AT22;AT222;612;Liezen;61207;Bad Aussee;2300;2582;4882;01.01.2012
AT2;AT22;AT222;612;Liezen;61208;Donnersbach;554;545;1099;01.01.2012
AT2;AT22;AT222;612;Liezen;61209;Donnersbachwald;156;169;325;01.01.2012
AT2;AT22;AT222;612;Liezen;61210;Gaishorn am See;498;511;1009;01.01.2012
AT2;AT22;AT222;612;Liezen;61211;Gams bei Hieflau;279;290;569;01.01.2012
AT2;AT22;AT222;612;Liezen;61212;Gössenberg;142;133;275;01.01.2012
AT2;AT22;AT222;612;Liezen;61213;Gröbming;1357;1483;2840;01.01.2012
AT2;AT22;AT222;612;Liezen;61214;Großsölk;251;236;487;01.01.2012
AT2;AT22;AT222;612;Liezen;61215;Grundlsee;592;649;1241;01.01.2012
AT2;AT22;AT222;612;Liezen;61216;Hall;849;895;1744;01.01.2012
AT2;AT22;AT222;612;Liezen;61217;Haus;1202;1192;2394;01.01.2012
AT2;AT22;AT222;612;Liezen;61218;Irdning;1298;1442;2740;01.01.2012
AT2;AT22;AT222;612;Liezen;61219;Johnsbach;63;77;140;01.01.2012
AT2;AT22;AT222;612;Liezen;61220;Kleinsölk;303;280;583;01.01.2012
AT2;AT22;AT222;612;Liezen;61221;Landl;612;659;1271;01.01.2012
AT2;AT22;AT222;612;Liezen;61222;Lassing;817;845;1662;01.01.2012
AT2;AT22;AT222;612;Liezen;61223;Liezen;3255;3593;6848;01.01.2012
AT2;AT22;AT222;612;Liezen;61224;Michaelerberg;271;272;543;01.01.2012
AT2;AT22;AT222;612;Liezen;61225;Mitterberg;595;571;1166;01.01.2012
AT2;AT22;AT222;612;Liezen;61226;Bad Mitterndorf;1514;1582;3096;01.01.2012
AT2;AT22;AT222;612;Liezen;61227;Niederöblarn;293;302;595;01.01.2012
AT2;AT22;AT222;612;Liezen;61228;Öblarn;698;743;1441;01.01.2012
AT2;AT22;AT222;612;Liezen;61229;Oppenberg;120;125;245;01.01.2012
AT2;AT22;AT222;612;Liezen;61230;Palfau;201;201;402;01.01.2012
AT2;AT22;AT222;612;Liezen;61232;Pichl-Preunegg;474;465;939;01.01.2012
AT2;AT22;AT222;612;Liezen;61233;Pichl-Kainisch;390;373;763;01.01.2012
AT2;AT22;AT222;612;Liezen;61234;Pruggern;319;300;619;01.01.2012
AT2;AT22;AT222;612;Liezen;61235;Pürgg-Trautenfels;437;483;920;01.01.2012
AT2;AT22;AT222;612;Liezen;61236;Ramsau am Dachstein;1363;1402;2765;01.01.2012
AT2;AT22;AT222;612;Liezen;61237;Rohrmoos-Untertal;683;708;1391;01.01.2012
AT2;AT22;AT222;612;Liezen;61238;Rottenmann;2511;2572;5083;01.01.2012
AT2;AT22;AT222;612;Liezen;61239;Sankt Gallen;698;721;1419;01.01.2012
AT2;AT22;AT222;612;Liezen;61240;Sankt Martin am Grimming;379;382;761;01.01.2012
AT2;AT22;AT222;612;Liezen;61241;Sankt Nikolai im Sölktal;243;252;495;01.01.2012
AT2;AT22;AT222;612;Liezen;61242;Schladming;2068;2288;4356;01.01.2012
AT2;AT22;AT222;612;Liezen;61243;Selzthal;839;837;1676;01.01.2012
AT2;AT22;AT222;612;Liezen;61244;Stainach;929;1025;1954;01.01.2012
AT2;AT22;AT222;612;Liezen;61245;Tauplitz;502;508;1010;01.01.2012
AT2;AT22;AT222;612;Liezen;61246;Treglwang;174;191;365;01.01.2012
AT2;AT22;AT222;612;Liezen;61247;Trieben;1675;1755;3430;01.01.2012
AT2;AT22;AT222;612;Liezen;61248;Weißenbach an der Enns;247;256;503;01.01.2012
AT2;AT22;AT222;612;Liezen;61249;Weißenbach bei Liezen;538;574;1112;01.01.2012
AT2;AT22;AT222;612;Liezen;61250;Weng im Gesäuse;304;303;607;01.01.2012
AT2;AT22;AT222;612;Liezen;61251;Wildalpen;266;260;526;01.01.2012
AT2;AT22;AT222;612;Liezen;61252;Wörschach;563;596;1159;01.01.2012
AT2;AT22;AT226;614;Murau;61401;Dürnstein in der Steiermark;150;125;275;01.01.2012
AT2;AT22;AT226;614;Murau;61403;Frojach-Katsch;583;608;1191;01.01.2012
AT2;AT22;AT226;614;Murau;61404;Krakaudorf;321;314;635;01.01.2012
AT2;AT22;AT226;614;Murau;61405;Krakauhintermühlen;284;267;551;01.01.2012
AT2;AT22;AT226;614;Murau;61406;Krakauschatten;162;156;318;01.01.2012
AT2;AT22;AT226;614;Murau;61407;Kulm am Zirbitz;179;150;329;01.01.2012
AT2;AT22;AT226;614;Murau;61408;Laßnitz bei Murau;490;553;1043;01.01.2012
AT2;AT22;AT226;614;Murau;61409;Mariahof;653;683;1336;01.01.2012
AT2;AT22;AT226;614;Murau;61410;Mühlen;478;454;932;01.01.2012
AT2;AT22;AT226;614;Murau;61411;Murau;945;1166;2111;01.01.2012
AT2;AT22;AT226;614;Murau;61412;Neumarkt in Steiermark;848;938;1786;01.01.2012
AT2;AT22;AT226;614;Murau;61413;Niederwölz;298;300;598;01.01.2012
AT2;AT22;AT226;614;Murau;61414;Oberwölz Stadt;475;515;990;01.01.2012
AT2;AT22;AT226;614;Murau;61415;Oberwölz Umgebung;414;375;789;01.01.2012
AT2;AT22;AT226;614;Murau;61416;Perchau am Sattel;155;144;299;01.01.2012
AT2;AT22;AT226;614;Murau;61417;Predlitz-Turrach;455;394;849;01.01.2012
AT2;AT22;AT226;614;Murau;61418;Ranten;531;514;1045;01.01.2012
AT2;AT22;AT226;614;Murau;61419;Rinegg;85;75;160;01.01.2012
AT2;AT22;AT226;614;Murau;61420;Sankt Blasen;293;278;571;01.01.2012
AT2;AT22;AT226;614;Murau;61421;Sankt Georgen ob Murau;681;701;1382;01.01.2012
AT2;AT22;AT226;614;Murau;61422;Sankt Lambrecht;690;753;1443;01.01.2012
AT2;AT22;AT226;614;Murau;61423;Sankt Lorenzen bei Scheifling;313;309;622;01.01.2012
AT2;AT22;AT226;614;Murau;61424;Sankt Marein bei Neumarkt;486;474;960;01.01.2012
AT2;AT22;AT226;614;Murau;61425;Sankt Peter am Kammersberg;1047;1046;2093;01.01.2012
AT2;AT22;AT226;614;Murau;61427;Scheifling;748;787;1535;01.01.2012
AT2;AT22;AT226;614;Murau;61428;Schöder;506;508;1014;01.01.2012
AT2;AT22;AT226;614;Murau;61429;Schönberg-Lachtal;232;210;442;01.01.2012
AT2;AT22;AT226;614;Murau;61430;Stadl an der Mur;497;503;1000;01.01.2012
AT2;AT22;AT226;614;Murau;61431;Stolzalpe;211;232;443;01.01.2012
AT2;AT22;AT226;614;Murau;61432;Teufenbach;338;368;706;01.01.2012
AT2;AT22;AT226;614;Murau;61433;Triebendorf;72;66;138;01.01.2012
AT2;AT22;AT226;614;Murau;61434;Winklern bei Oberwölz;442;445;887;01.01.2012
AT2;AT22;AT226;614;Murau;61435;Zeutschach;105;117;222;01.01.2012
AT2;AT22;AT226;614;Murau;61436;St.Ruprecht-Falkendorf;249;222;471;01.01.2012
AT2;AT22;AT225;616;Voitsberg;61601;Bärnbach;2502;2740;5242;01.01.2012
AT2;AT22;AT225;616;Voitsberg;61602;Edelschrott;838;783;1621;01.01.2012
AT2;AT22;AT225;616;Voitsberg;61603;Gallmannsegg;162;152;314;01.01.2012
AT2;AT22;AT225;616;Voitsberg;61604;Geistthal;428;407;835;01.01.2012
AT2;AT22;AT225;616;Voitsberg;61605;Gößnitz;233;220;453;01.01.2012
AT2;AT22;AT225;616;Voitsberg;61606;Graden;229;255;484;01.01.2012
AT2;AT22;AT225;616;Voitsberg;61607;Hirschegg;333;346;679;01.01.2012
AT2;AT22;AT225;616;Voitsberg;61608;Kainach bei Voitsberg;333;336;669;01.01.2012
AT2;AT22;AT225;616;Voitsberg;61609;Köflach;4617;5101;9718;01.01.2012
AT2;AT22;AT225;616;Voitsberg;61610;Kohlschwarz;355;353;708;01.01.2012
AT2;AT22;AT225;616;Voitsberg;61611;Krottendorf-Gaisfeld;1247;1191;2438;01.01.2012
AT2;AT22;AT225;616;Voitsberg;61612;Ligist;1582;1652;3234;01.01.2012
AT2;AT22;AT225;616;Voitsberg;61613;Maria Lankowitz;1075;1117;2192;01.01.2012
AT2;AT22;AT225;616;Voitsberg;61614;Modriach;111;99;210;01.01.2012
AT2;AT22;AT225;616;Voitsberg;61615;Mooskirchen;1000;1068;2068;01.01.2012
AT2;AT22;AT225;616;Voitsberg;61616;Pack;202;216;418;01.01.2012
AT2;AT22;AT225;616;Voitsberg;61617;Piberegg;186;175;361;01.01.2012
AT2;AT22;AT225;616;Voitsberg;61618;Rosental an der Kainach;839;860;1699;01.01.2012
AT2;AT22;AT225;616;Voitsberg;61619;Salla;138;151;289;01.01.2012
AT2;AT22;AT225;616;Voitsberg;61620;Sankt Johann-Köppling;869;903;1772;01.01.2012
AT2;AT22;AT225;616;Voitsberg;61621;Sankt Martin am Wöllmißberg;420;408;828;01.01.2012
AT2;AT22;AT225;616;Voitsberg;61622;Söding;1081;1090;2171;01.01.2012
AT2;AT22;AT225;616;Voitsberg;61623;Södingberg;432;402;834;01.01.2012
AT2;AT22;AT225;616;Voitsberg;61624;Stallhofen;1566;1593;3159;01.01.2012
AT2;AT22;AT225;616;Voitsberg;61625;Voitsberg;4594;5008;9602;01.01.2012
AT2;AT22;AT224;617;Weiz;61701;Albersdorf-Prebuch;990;998;1988;01.01.2012
AT2;AT22;AT224;617;Weiz;61702;Anger;391;440;831;01.01.2012
AT2;AT22;AT224;617;Weiz;61703;Arzberg;285;268;553;01.01.2012
AT2;AT22;AT224;617;Weiz;61704;Baierdorf bei Anger;840;827;1667;01.01.2012
AT2;AT22;AT224;617;Weiz;61705;Birkfeld;776;839;1615;01.01.2012
AT2;AT22;AT224;617;Weiz;61706;Etzersdorf-Rollsdorf;579;555;1134;01.01.2012
AT2;AT22;AT224;617;Weiz;61707;Feistritz bei Anger;542;531;1073;01.01.2012
AT2;AT22;AT224;617;Weiz;61708;Fischbach;789;775;1564;01.01.2012
AT2;AT22;AT224;617;Weiz;61709;Fladnitz an der Teichalm;589;590;1179;01.01.2012
AT2;AT22;AT224;617;Weiz;61710;Floing;597;604;1201;01.01.2012
AT2;AT22;AT224;617;Weiz;61711;Gasen;461;472;933;01.01.2012
AT2;AT22;AT224;617;Weiz;61712;Gersdorf an der Feistritz;611;604;1215;01.01.2012
AT2;AT22;AT224;617;Weiz;61713;Gleisdorf;2673;3087;5760;01.01.2012
AT2;AT22;AT224;617;Weiz;61714;Gschaid bei Birkfeld;464;452;916;01.01.2012
AT2;AT22;AT224;617;Weiz;61715;Gutenberg an der Raabklamm;626;630;1256;01.01.2012
AT2;AT22;AT224;617;Weiz;61716;Markt Hartmannsdorf;1478;1469;2947;01.01.2012
AT2;AT22;AT224;617;Weiz;61717;Haslau bei Birkfeld;229;214;443;01.01.2012
AT2;AT22;AT224;617;Weiz;61718;Hirnsdorf;343;356;699;01.01.2012
AT2;AT22;AT224;617;Weiz;61719;Hofstätten an der Raab;1035;1009;2044;01.01.2012
AT2;AT22;AT224;617;Weiz;61720;Hohenau an der Raab;687;626;1313;01.01.2012
AT2;AT22;AT224;617;Weiz;61721;Ilztal;881;852;1733;01.01.2012
AT2;AT22;AT224;617;Weiz;61722;Koglhof;565;555;1120;01.01.2012
AT2;AT22;AT224;617;Weiz;61723;Krottendorf;1151;1223;2374;01.01.2012
AT2;AT22;AT224;617;Weiz;61724;Kulm bei Weiz;239;244;483;01.01.2012
AT2;AT22;AT224;617;Weiz;61725;Labuch;398;387;785;01.01.2012
AT2;AT22;AT224;617;Weiz;61726;Laßnitzthal;562;526;1088;01.01.2012
AT2;AT22;AT224;617;Weiz;61727;Ludersdorf-Wilfersdorf;1014;1024;2038;01.01.2012
AT2;AT22;AT224;617;Weiz;61728;Miesenbach bei Birkfeld;386;356;742;01.01.2012
AT2;AT22;AT224;617;Weiz;61729;Mitterdorf an der Raab;1036;1037;2073;01.01.2012
AT2;AT22;AT224;617;Weiz;61730;Mortantsch;997;1011;2008;01.01.2012
AT2;AT22;AT224;617;Weiz;61731;Naas;701;685;1386;01.01.2012
AT2;AT22;AT224;617;Weiz;61732;Naintsch;319;295;614;01.01.2012
AT2;AT22;AT224;617;Weiz;61733;Neudorf bei Passail;257;240;497;01.01.2012
AT2;AT22;AT224;617;Weiz;61734;Nitscha;725;721;1446;01.01.2012
AT2;AT22;AT224;617;Weiz;61735;Oberrettenbach;243;222;465;01.01.2012
AT2;AT22;AT224;617;Weiz;61736;Passail;1002;994;1996;01.01.2012
AT2;AT22;AT224;617;Weiz;61737;Pischelsdorf in der Steiermark;1239;1261;2500;01.01.2012
AT2;AT22;AT224;617;Weiz;61739;Preßguts;208;190;398;01.01.2012
AT2;AT22;AT224;617;Weiz;61740;Puch bei Weiz;1056;1042;2098;01.01.2012
AT2;AT22;AT224;617;Weiz;61741;Ratten;593;592;1185;01.01.2012
AT2;AT22;AT224;617;Weiz;61742;Reichendorf;317;295;612;01.01.2012
AT2;AT22;AT224;617;Weiz;61743;Rettenegg;383;377;760;01.01.2012
AT2;AT22;AT224;617;Weiz;61744;Sankt Kathrein am Hauenstein;361;318;679;01.01.2012
AT2;AT22;AT224;617;Weiz;61745;Sankt Kathrein am Offenegg;585;563;1148;01.01.2012
AT2;AT22;AT224;617;Weiz;61746;Sankt Margarethen an der Raab;1949;1966;3915;01.01.2012
AT2;AT22;AT224;617;Weiz;61747;Sankt Ruprecht an der Raab;1005;1072;2077;01.01.2012
AT2;AT22;AT224;617;Weiz;61748;Sinabelkirchen;2029;2017;4046;01.01.2012
AT2;AT22;AT224;617;Weiz;61749;Stenzengreith;260;256;516;01.01.2012
AT2;AT22;AT224;617;Weiz;61750;Strallegg;1017;984;2001;01.01.2012
AT2;AT22;AT224;617;Weiz;61751;Thannhausen;1165;1191;2356;01.01.2012
AT2;AT22;AT224;617;Weiz;61752;Ungerdorf;425;427;852;01.01.2012
AT2;AT22;AT224;617;Weiz;61753;Unterfladnitz;759;740;1499;01.01.2012
AT2;AT22;AT224;617;Weiz;61754;Waisenegg;542;551;1093;01.01.2012
AT2;AT22;AT224;617;Weiz;61755;Weiz;4223;4682;8905;01.01.2012
AT2;AT22;AT226;620;Murtal;62001;Amering;536;527;1063;01.01.2012
AT2;AT22;AT226;620;Murtal;62002;Apfelberg;555;574;1129;01.01.2012
AT2;AT22;AT226;620;Murtal;62003;Bretstein;162;147;309;01.01.2012
AT2;AT22;AT226;620;Murtal;62004;Eppenstein;631;615;1246;01.01.2012
AT2;AT22;AT226;620;Murtal;62005;Feistritz bei Knittelfeld;385;387;772;01.01.2012
AT2;AT22;AT226;620;Murtal;62006;Flatschach;103;102;205;01.01.2012
AT2;AT22;AT226;620;Murtal;62007;Fohnsdorf;3787;4096;7883;01.01.2012
AT2;AT22;AT226;620;Murtal;62008;Gaal;712;721;1433;01.01.2012
AT2;AT22;AT226;620;Murtal;62009;Großlobming;571;620;1191;01.01.2012
AT2;AT22;AT226;620;Murtal;62010;Hohentauern;215;243;458;01.01.2012
AT2;AT22;AT226;620;Murtal;62011;Judenburg;4408;4886;9294;01.01.2012
AT2;AT22;AT226;620;Murtal;62012;Kleinlobming;353;296;649;01.01.2012
AT2;AT22;AT226;620;Murtal;62013;Knittelfeld;5502;6033;11535;01.01.2012
AT2;AT22;AT226;620;Murtal;62014;Kobenz;923;916;1839;01.01.2012
AT2;AT22;AT226;620;Murtal;62015;Maria Buch-Feistritz;1125;1160;2285;01.01.2012
AT2;AT22;AT226;620;Murtal;62016;Obdach;1052;1047;2099;01.01.2012
AT2;AT22;AT226;620;Murtal;62017;Oberkurzheim;363;349;712;01.01.2012
AT2;AT22;AT226;620;Murtal;62018;Oberweg;294;282;576;01.01.2012
AT2;AT22;AT226;620;Murtal;62019;Oberzeiring;404;454;858;01.01.2012
AT2;AT22;AT226;620;Murtal;62020;Pöls;1192;1231;2423;01.01.2012
AT2;AT22;AT226;620;Murtal;62021;Pusterwald;260;226;486;01.01.2012
AT2;AT22;AT226;620;Murtal;62022;Rachau;315;289;604;01.01.2012
AT2;AT22;AT226;620;Murtal;62023;Reifling;198;187;385;01.01.2012
AT2;AT22;AT226;620;Murtal;62024;Reisstraße;87;87;174;01.01.2012
AT2;AT22;AT226;620;Murtal;62025;Sankt Anna am Lavantegg;216;198;414;01.01.2012
AT2;AT22;AT226;620;Murtal;62026;Sankt Georgen ob Judenburg;439;444;883;01.01.2012
AT2;AT22;AT226;620;Murtal;62027;Sankt Johann am Tauern;246;242;488;01.01.2012
AT2;AT22;AT226;620;Murtal;62028;Sankt Lorenzen bei Knittelfeld;393;400;793;01.01.2012
AT2;AT22;AT226;620;Murtal;62029;Sankt Marein bei Knittelfeld;600;621;1221;01.01.2012
AT2;AT22;AT226;620;Murtal;62030;Sankt Margarethen bei Knittelfeld;666;664;1330;01.01.2012
AT2;AT22;AT226;620;Murtal;62031;Sankt Oswald-Möderbrugg;581;593;1174;01.01.2012
AT2;AT22;AT226;620;Murtal;62032;Sankt Peter ob Judenburg;565;544;1109;01.01.2012
AT2;AT22;AT226;620;Murtal;62033;Sankt Wolfgang-Kienberg;193;177;370;01.01.2012
AT2;AT22;AT226;620;Murtal;62034;Seckau;649;615;1264;01.01.2012
AT2;AT22;AT226;620;Murtal;62035;Spielberg;2525;2583;5108;01.01.2012
AT2;AT22;AT226;620;Murtal;62036;Unzmarkt-Frauenburg;657;716;1373;01.01.2012
AT2;AT22;AT226;620;Murtal;62037;Weißkirchen in Steiermark;620;692;1312;01.01.2012
AT2;AT22;AT226;620;Murtal;62038;Zeltweg;3532;3631;7163;01.01.2012
AT2;AT22;AT223;621;Bruck-Mürzzuschlag;62101;Aflenz Kurort;484;516;1000;01.01.2012
AT2;AT22;AT223;621;Bruck-Mürzzuschlag;62102;Aflenz Land;734;750;1484;01.01.2012
AT2;AT22;AT223;621;Bruck-Mürzzuschlag;62103;Allerheiligen im Mürztal;969;973;1942;01.01.2012
AT2;AT22;AT223;621;Bruck-Mürzzuschlag;62104;Altenberg an der Rax;170;165;335;01.01.2012
AT2;AT22;AT223;621;Bruck-Mürzzuschlag;62105;Breitenau am Hochlantsch;891;911;1802;01.01.2012
AT2;AT22;AT223;621;Bruck-Mürzzuschlag;62106;Bruck an der Mur;5926;6588;12514;01.01.2012
AT2;AT22;AT223;621;Bruck-Mürzzuschlag;62107;Etmißl;253;257;510;01.01.2012
AT2;AT22;AT223;621;Bruck-Mürzzuschlag;62108;Frauenberg;80;78;158;01.01.2012
AT2;AT22;AT223;621;Bruck-Mürzzuschlag;62109;Ganz;177;170;347;01.01.2012
AT2;AT22;AT223;621;Bruck-Mürzzuschlag;62110;Gußwerk;639;648;1287;01.01.2012
AT2;AT22;AT223;621;Bruck-Mürzzuschlag;62111;Halltal;164;168;332;01.01.2012
AT2;AT22;AT223;621;Bruck-Mürzzuschlag;62112;Kapellen;307;289;596;01.01.2012
AT2;AT22;AT223;621;Bruck-Mürzzuschlag;62113;Kapfenberg;10508;11135;21643;01.01.2012
AT2;AT22;AT223;621;Bruck-Mürzzuschlag;62114;Kindberg;2661;2797;5458;01.01.2012
AT2;AT22;AT223;621;Bruck-Mürzzuschlag;62115;Krieglach;2503;2665;5168;01.01.2012
AT2;AT22;AT223;621;Bruck-Mürzzuschlag;62116;Langenwang;1984;2013;3997;01.01.2012
AT2;AT22;AT223;621;Bruck-Mürzzuschlag;62117;Mariazell;691;799;1490;01.01.2012
AT2;AT22;AT223;621;Bruck-Mürzzuschlag;62118;Mitterdorf im Mürztal;1165;1253;2418;01.01.2012
AT2;AT22;AT223;621;Bruck-Mürzzuschlag;62119;Mürzhofen;462;483;945;01.01.2012
AT2;AT22;AT223;621;Bruck-Mürzzuschlag;62120;Mürzsteg;403;228;631;01.01.2012
AT2;AT22;AT223;621;Bruck-Mürzzuschlag;62121;Mürzzuschlag;4125;4532;8657;01.01.2012
AT2;AT22;AT223;621;Bruck-Mürzzuschlag;62122;Neuberg an der Mürz;644;661;1305;01.01.2012
AT2;AT22;AT223;621;Bruck-Mürzzuschlag;62123;Oberaich;1503;1614;3117;01.01.2012
AT2;AT22;AT223;621;Bruck-Mürzzuschlag;62124;Parschlug;858;879;1737;01.01.2012
AT2;AT22;AT223;621;Bruck-Mürzzuschlag;62125;Pernegg an der Mur;1186;1207;2393;01.01.2012
AT2;AT22;AT223;621;Bruck-Mürzzuschlag;62126;Sankt Ilgen;139;136;275;01.01.2012
AT2;AT22;AT223;621;Bruck-Mürzzuschlag;62127;Sankt Katharein an der Laming;471;516;987;01.01.2012
AT2;AT22;AT223;621;Bruck-Mürzzuschlag;62128;Sankt Lorenzen im Mürztal;1737;1760;3497;01.01.2012
AT2;AT22;AT223;621;Bruck-Mürzzuschlag;62129;Sankt Marein im Mürztal;1247;1276;2523;01.01.2012
AT2;AT22;AT223;621;Bruck-Mürzzuschlag;62130;Sankt Sebastian;467;543;1010;01.01.2012
AT2;AT22;AT223;621;Bruck-Mürzzuschlag;62131;Spital am Semmering;804;808;1612;01.01.2012
AT2;AT22;AT223;621;Bruck-Mürzzuschlag;62132;Stanz im Mürztal;977;943;1920;01.01.2012
AT2;AT22;AT223;621;Bruck-Mürzzuschlag;62133;Thörl;821;829;1650;01.01.2012
AT2;AT22;AT223;621;Bruck-Mürzzuschlag;62134;Tragöß;497;502;999;01.01.2012
AT2;AT22;AT223;621;Bruck-Mürzzuschlag;62135;Turnau;760;804;1564;01.01.2012
AT2;AT22;AT223;621;Bruck-Mürzzuschlag;62136;Veitsch;1188;1309;2497;01.01.2012
AT2;AT22;AT223;621;Bruck-Mürzzuschlag;62137;Wartberg im Mürztal;1025;1057;2082;01.01.2012
AT2;AT22;AT224;622;Hartberg-Fürstenfeld;62201;Altenmarkt bei Fürstenfeld;572;580;1152;01.01.2012
AT2;AT22;AT224;622;Hartberg-Fürstenfeld;62202;Bad Blumau;800;818;1618;01.01.2012
AT2;AT22;AT224;622;Hartberg-Fürstenfeld;62203;Bad Waltersdorf;1057;1130;2187;01.01.2012
AT2;AT22;AT224;622;Hartberg-Fürstenfeld;62204;Blaindorf;337;328;665;01.01.2012
AT2;AT22;AT224;622;Hartberg-Fürstenfeld;62205;Buch-St. Magdalena;1100;1064;2164;01.01.2012
AT2;AT22;AT224;622;Hartberg-Fürstenfeld;62206;Burgau;480;511;991;01.01.2012
AT2;AT22;AT224;622;Hartberg-Fürstenfeld;62207;Dechantskirchen;812;801;1613;01.01.2012
AT2;AT22;AT224;622;Hartberg-Fürstenfeld;62208;Dienersdorf;364;337;701;01.01.2012
AT2;AT22;AT224;622;Hartberg-Fürstenfeld;62209;Ebersdorf;607;620;1227;01.01.2012
AT2;AT22;AT224;622;Hartberg-Fürstenfeld;62210;Eichberg;606;605;1211;01.01.2012
AT2;AT22;AT224;622;Hartberg-Fürstenfeld;62211;Friedberg;1267;1305;2572;01.01.2012
AT2;AT22;AT224;622;Hartberg-Fürstenfeld;62212;Fürstenfeld;2780;3196;5976;01.01.2012
AT2;AT22;AT224;622;Hartberg-Fürstenfeld;62213;Grafendorf bei Hartberg;1245;1286;2531;01.01.2012
AT2;AT22;AT224;622;Hartberg-Fürstenfeld;62214;Greinbach;898;876;1774;01.01.2012
AT2;AT22;AT224;622;Hartberg-Fürstenfeld;62215;Großhart;321;308;629;01.01.2012
AT2;AT22;AT224;622;Hartberg-Fürstenfeld;62216;Großsteinbach;672;652;1324;01.01.2012
AT2;AT22;AT224;622;Hartberg-Fürstenfeld;62217;Großwilfersdorf;698;688;1386;01.01.2012
AT2;AT22;AT224;622;Hartberg-Fürstenfeld;62218;Hainersdorf;328;332;660;01.01.2012
AT2;AT22;AT224;622;Hartberg-Fürstenfeld;62219;Hartberg;3058;3480;6538;01.01.2012
AT2;AT22;AT224;622;Hartberg-Fürstenfeld;62220;Hartberg Umgebung;1107;1038;2145;01.01.2012
AT2;AT22;AT224;622;Hartberg-Fürstenfeld;62221;Hartl;413;405;818;01.01.2012
AT2;AT22;AT224;622;Hartberg-Fürstenfeld;62222;Hofkirchen bei Hartberg;326;302;628;01.01.2012
AT2;AT22;AT224;622;Hartberg-Fürstenfeld;62223;Ilz;1295;1266;2561;01.01.2012
AT2;AT22;AT224;622;Hartberg-Fürstenfeld;62224;Kaibing;183;191;374;01.01.2012
AT2;AT22;AT224;622;Hartberg-Fürstenfeld;62225;Kaindorf;720;747;1467;01.01.2012
AT2;AT22;AT224;622;Hartberg-Fürstenfeld;62226;Lafnitz;695;692;1387;01.01.2012
AT2;AT22;AT224;622;Hartberg-Fürstenfeld;62227;Limbach bei Neudau;169;162;331;01.01.2012
AT2;AT22;AT224;622;Hartberg-Fürstenfeld;62228;Loipersdorf bei Fürstenfeld;693;694;1387;01.01.2012
AT2;AT22;AT224;622;Hartberg-Fürstenfeld;62229;Mönichwald;464;432;896;01.01.2012
AT2;AT22;AT224;622;Hartberg-Fürstenfeld;62230;Nestelbach im Ilztal;546;561;1107;01.01.2012
AT2;AT22;AT224;622;Hartberg-Fürstenfeld;62231;Neudau;587;625;1212;01.01.2012
AT2;AT22;AT224;622;Hartberg-Fürstenfeld;62232;Ottendorf an der Rittschein;726;775;1501;01.01.2012
AT2;AT22;AT224;622;Hartberg-Fürstenfeld;62233;Pinggau;1567;1515;3082;01.01.2012
AT2;AT22;AT224;622;Hartberg-Fürstenfeld;62234;Pöllau;966;1097;2063;01.01.2012
AT2;AT22;AT224;622;Hartberg-Fürstenfeld;62235;Pöllauberg;1041;1057;2098;01.01.2012
AT2;AT22;AT224;622;Hartberg-Fürstenfeld;62236;Puchegg;276;280;556;01.01.2012
AT2;AT22;AT224;622;Hartberg-Fürstenfeld;62237;Rabenwald;307;306;613;01.01.2012
AT2;AT22;AT224;622;Hartberg-Fürstenfeld;62238;Riegersberg;499;490;989;01.01.2012
AT2;AT22;AT224;622;Hartberg-Fürstenfeld;62239;Rohr bei Hartberg;522;568;1090;01.01.2012
AT2;AT22;AT224;622;Hartberg-Fürstenfeld;62240;Rohrbach an der Lafnitz;504;562;1066;01.01.2012
AT2;AT22;AT224;622;Hartberg-Fürstenfeld;62241;Saifen-Boden;531;517;1048;01.01.2012
AT2;AT22;AT224;622;Hartberg-Fürstenfeld;62242;Sankt Jakob im Walde;556;514;1070;01.01.2012
AT2;AT22;AT224;622;Hartberg-Fürstenfeld;62243;Sankt Johann bei Herberstein;178;193;371;01.01.2012
AT2;AT22;AT224;622;Hartberg-Fürstenfeld;62244;Sankt Johann in der Haide;961;1030;1991;01.01.2012
AT2;AT22;AT224;622;Hartberg-Fürstenfeld;62245;Sankt Lorenzen am Wechsel;808;762;1570;01.01.2012
AT2;AT22;AT224;622;Hartberg-Fürstenfeld;62246;Schachen bei Vorau;593;597;1190;01.01.2012
AT2;AT22;AT224;622;Hartberg-Fürstenfeld;62247;Schäffern;770;684;1454;01.01.2012
AT2;AT22;AT224;622;Hartberg-Fürstenfeld;62248;Schlag bei Thalberg;456;474;930;01.01.2012
AT2;AT22;AT224;622;Hartberg-Fürstenfeld;62249;Schönegg bei Pöllau;709;672;1381;01.01.2012
AT2;AT22;AT224;622;Hartberg-Fürstenfeld;62250;Sebersdorf;725;683;1408;01.01.2012
AT2;AT22;AT224;622;Hartberg-Fürstenfeld;62251;Siegersdorf bei Herberstein;159;131;290;01.01.2012
AT2;AT22;AT224;622;Hartberg-Fürstenfeld;62252;Söchau;684;752;1436;01.01.2012
AT2;AT22;AT224;622;Hartberg-Fürstenfeld;62253;Sonnhofen;542;496;1038;01.01.2012
AT2;AT22;AT224;622;Hartberg-Fürstenfeld;62254;Stambach;331;304;635;01.01.2012
AT2;AT22;AT224;622;Hartberg-Fürstenfeld;62255;Stein;240;244;484;01.01.2012
AT2;AT22;AT224;622;Hartberg-Fürstenfeld;62256;Stubenberg;1123;1195;2318;01.01.2012
AT2;AT22;AT224;622;Hartberg-Fürstenfeld;62257;Tiefenbach bei Kaindorf;339;352;691;01.01.2012
AT2;AT22;AT224;622;Hartberg-Fürstenfeld;62258;Übersbach;589;568;1157;01.01.2012
AT2;AT22;AT224;622;Hartberg-Fürstenfeld;62259;Vorau;644;713;1357;01.01.2012
AT2;AT22;AT224;622;Hartberg-Fürstenfeld;62260;Vornholz;365;354;719;01.01.2012
AT2;AT22;AT224;622;Hartberg-Fürstenfeld;62261;Waldbach;352;359;711;01.01.2012
AT2;AT22;AT224;622;Hartberg-Fürstenfeld;62262;Wenigzell;729;691;1420;01.01.2012
AT2;AT22;AT224;622;Hartberg-Fürstenfeld;62263;Wörth an der Lafnitz;190;173;363;01.01.2012
AT2;AT22;AT224;623;Südoststeiermark;62301;Auersbach;432;446;878;01.01.2012
AT2;AT22;AT224;623;Südoststeiermark;62302;Aug-Radisch;149;139;288;01.01.2012
AT2;AT22;AT224;623;Südoststeiermark;62303;Bad Gleichenberg;1024;1200;2224;01.01.2012
AT2;AT22;AT224;623;Südoststeiermark;62304;Bad Radkersburg;595;728;1323;01.01.2012
AT2;AT22;AT224;623;Südoststeiermark;62305;Bairisch Kölldorf;502;562;1064;01.01.2012
AT2;AT22;AT224;623;Südoststeiermark;62306;Baumgarten bei Gnas;296;279;575;01.01.2012
AT2;AT22;AT224;623;Südoststeiermark;62307;Bierbaum am Auersbach;245;233;478;01.01.2012
AT2;AT22;AT224;623;Südoststeiermark;62308;Breitenfeld an der Rittschein;384;402;786;01.01.2012
AT2;AT22;AT224;623;Südoststeiermark;62309;Deutsch Goritz;612;619;1231;01.01.2012
AT2;AT22;AT224;623;Südoststeiermark;62310;Dietersdorf am Gnasbach;178;192;370;01.01.2012
AT2;AT22;AT224;623;Südoststeiermark;62311;Edelsbach bei Feldbach;670;724;1394;01.01.2012
AT2;AT22;AT224;623;Südoststeiermark;62312;Edelstauden;217;234;451;01.01.2012
AT2;AT22;AT224;623;Südoststeiermark;62313;Eichfeld;449;437;886;01.01.2012
AT2;AT22;AT224;623;Südoststeiermark;62314;Eichkögl;620;608;1228;01.01.2012
AT2;AT22;AT224;623;Südoststeiermark;62315;Fehring;1473;1563;3036;01.01.2012
AT2;AT22;AT224;623;Südoststeiermark;62316;Feldbach;2136;2501;4637;01.01.2012
AT2;AT22;AT224;623;Südoststeiermark;62317;Fladnitz im Raabtal;384;369;753;01.01.2012
AT2;AT22;AT224;623;Südoststeiermark;62318;Frannach;259;301;560;01.01.2012
AT2;AT22;AT224;623;Südoststeiermark;62319;Frutten-Gießelsdorf;342;302;644;01.01.2012
AT2;AT22;AT224;623;Südoststeiermark;62320;Glojach;122;122;244;01.01.2012
AT2;AT22;AT224;623;Südoststeiermark;62321;Gnas;951;979;1930;01.01.2012
AT2;AT22;AT224;623;Südoststeiermark;62322;Gniebing-Weißenbach;1085;1104;2189;01.01.2012
AT2;AT22;AT224;623;Südoststeiermark;62323;Gosdorf;570;580;1150;01.01.2012
AT2;AT22;AT224;623;Südoststeiermark;62324;Gossendorf;473;432;905;01.01.2012
AT2;AT22;AT224;623;Südoststeiermark;62325;Grabersdorf;171;180;351;01.01.2012
AT2;AT22;AT224;623;Südoststeiermark;62326;Halbenrain;868;921;1789;01.01.2012
AT2;AT22;AT224;623;Südoststeiermark;62327;Hatzendorf;866;871;1737;01.01.2012
AT2;AT22;AT224;623;Südoststeiermark;62328;Hof bei Straden;429;451;880;01.01.2012
AT2;AT22;AT224;623;Südoststeiermark;62329;Hohenbrugg-Weinberg;475;498;973;01.01.2012
AT2;AT22;AT224;623;Südoststeiermark;62330;Jagerberg;836;829;1665;01.01.2012
AT2;AT22;AT224;623;Südoststeiermark;62331;Johnsdorf-Brunn;384;398;782;01.01.2012
AT2;AT22;AT224;623;Südoststeiermark;62332;Kapfenstein;800;808;1608;01.01.2012
AT2;AT22;AT224;623;Südoststeiermark;62333;Kirchbach in Steiermark;782;773;1555;01.01.2012
AT2;AT22;AT224;623;Südoststeiermark;62334;Kirchberg an der Raab;992;1001;1993;01.01.2012
AT2;AT22;AT224;623;Südoststeiermark;62335;Klöch;616;607;1223;01.01.2012
AT2;AT22;AT224;623;Südoststeiermark;62336;Kohlberg;266;259;525;01.01.2012
AT2;AT22;AT224;623;Südoststeiermark;62337;Kornberg bei Riegersburg;587;557;1144;01.01.2012
AT2;AT22;AT224;623;Südoststeiermark;62338;Krusdorf;199;201;400;01.01.2012
AT2;AT22;AT224;623;Südoststeiermark;62339;Leitersdorf im Raabtal;325;340;665;01.01.2012
AT2;AT22;AT224;623;Südoststeiermark;62340;Lödersdorf;348;358;706;01.01.2012
AT2;AT22;AT224;623;Südoststeiermark;62341;Maierdorf;268;265;533;01.01.2012
AT2;AT22;AT224;623;Südoststeiermark;62342;Merkendorf;567;583;1150;01.01.2012
AT2;AT22;AT224;623;Südoststeiermark;62343;Mettersdorf am Saßbach;653;665;1318;01.01.2012
AT2;AT22;AT224;623;Südoststeiermark;62344;Mitterlabill;224;190;414;01.01.2012
AT2;AT22;AT224;623;Südoststeiermark;62345;Mühldorf bei Feldbach;1503;1561;3064;01.01.2012
AT2;AT22;AT224;623;Südoststeiermark;62346;Mureck;769;825;1594;01.01.2012
AT2;AT22;AT224;623;Südoststeiermark;62347;Murfeld;818;847;1665;01.01.2012
AT2;AT22;AT224;623;Südoststeiermark;62348;Oberdorf am Hochegg;364;362;726;01.01.2012
AT2;AT22;AT224;623;Südoststeiermark;62349;Oberstorcha;312;324;636;01.01.2012
AT2;AT22;AT224;623;Südoststeiermark;62350;Paldau;1031;1057;2088;01.01.2012
AT2;AT22;AT224;623;Südoststeiermark;62351;Perlsdorf;189;163;352;01.01.2012
AT2;AT22;AT224;623;Südoststeiermark;62352;Pertlstein;390;408;798;01.01.2012
AT2;AT22;AT224;623;Südoststeiermark;62353;Petersdorf II;432;432;864;01.01.2012
AT2;AT22;AT224;623;Südoststeiermark;62354;Pirching am Traubenberg;792;834;1626;01.01.2012
AT2;AT22;AT224;623;Südoststeiermark;62355;Poppendorf;369;323;692;01.01.2012
AT2;AT22;AT224;623;Südoststeiermark;62356;Raabau;293;295;588;01.01.2012
AT2;AT22;AT224;623;Südoststeiermark;62357;Radkersburg Umgebung;851;908;1759;01.01.2012
AT2;AT22;AT224;623;Südoststeiermark;62358;Raning;404;405;809;01.01.2012
AT2;AT22;AT224;623;Südoststeiermark;62359;Ratschendorf;313;304;617;01.01.2012
AT2;AT22;AT224;623;Südoststeiermark;62360;Riegersburg;1203;1189;2392;01.01.2012
AT2;AT22;AT224;623;Südoststeiermark;62361;Sankt Anna am Aigen;883;871;1754;01.01.2012
AT2;AT22;AT224;623;Südoststeiermark;62362;Sankt Peter am Ottersbach;1104;1154;2258;01.01.2012
AT2;AT22;AT224;623;Südoststeiermark;62363;Sankt Stefan im Rosental;1897;1906;3803;01.01.2012
AT2;AT22;AT224;623;Südoststeiermark;62364;Schwarzau im Schwarzautal;328;312;640;01.01.2012
AT2;AT22;AT224;623;Südoststeiermark;62365;Stainz bei Straden;482;512;994;01.01.2012
AT2;AT22;AT224;623;Südoststeiermark;62366;Straden;792;759;1551;01.01.2012
AT2;AT22;AT224;623;Südoststeiermark;62367;Studenzen;333;360;693;01.01.2012
AT2;AT22;AT224;623;Südoststeiermark;62368;Tieschen;653;662;1315;01.01.2012
AT2;AT22;AT224;623;Südoststeiermark;62369;Trautmannsdorf in Oststeiermark;432;427;859;01.01.2012
AT2;AT22;AT224;623;Südoststeiermark;62370;Trössing;139;138;277;01.01.2012
AT2;AT22;AT224;623;Südoststeiermark;62371;Unterauersbach;232;217;449;01.01.2012
AT2;AT22;AT224;623;Südoststeiermark;62372;Unterlamm;646;611;1257;01.01.2012
AT2;AT22;AT224;623;Südoststeiermark;62373;Weinburg am Saßbach;556;497;1053;01.01.2012
AT2;AT22;AT224;623;Südoststeiermark;62374;Zerlach;849;864;1713;01.01.2012
